{"id":399,"name":"Tiny-persons advocacy group lawyer","status":"Alive","species":"Mythological Creature","type":"Giant","gender":"Male","origin":{"name":"Giant's Town","url":"https://rickandmortyapi.com/api/location/14"},"location":{"name":"Giant's Town","url":"https://rickandmortyapi.com/api/location/14"},"image":"https://rickandmortyapi.com/api/character/avatar/399.jpeg","episode":["https://rickandmortyapi.com/api/episode/5"],"url":"https://rickandmortyapi.com/api/character/399","created":"2018-04-15T17:34:02.076Z"}
  